substitution,normalised_count,percentage,per_million_bases, renormalised_count
C>T/G>A, 0.000604, 0.0604%, 603.88, 0.4237
C>G/G>C, 0.000090, 0.0090%, 90.03, 0.0632
C>A/G>T, 0.000238, 0.0238%, 238.22, 0.1672
T>A/A>T, 0.000112, 0.0112%, 112.34, 0.0788
T>C/A>G, 0.000231, 0.0231%, 230.75, 0.1619
T>G/A>C, 0.000150, 0.0150%, 149.93, 0.1052
