substitution,normalised_count,percentage,per_million_bases, renormalised_count
C>T/G>A, 0.004693, 0.4693%, 4692.97, 0.6039
C>G/G>C, 0.000286, 0.0286%, 285.77, 0.0368
C>A/G>T, 0.001088, 0.1088%, 1088.04, 0.1400
T>A/A>T, 0.000244, 0.0244%, 243.84, 0.0314
T>C/A>G, 0.001068, 0.1068%, 1067.68, 0.1374
T>G/A>C, 0.000393, 0.0393%, 393.07, 0.0506
