substitution,normalised_count,percentage,per_million_bases, renormalised_count
C>T/G>A, 0.012305, 1.2305%, 12305.47, 0.6032
C>G/G>C, 0.000643, 0.0643%, 642.91, 0.0315
C>A/G>T, 0.002015, 0.2015%, 2014.72, 0.0988
T>A/A>T, 0.000588, 0.0588%, 587.56, 0.0288
T>C/A>G, 0.004036, 0.4036%, 4035.52, 0.1978
T>G/A>C, 0.000815, 0.0815%, 815.37, 0.0400
