substitution,normalised_count,percentage,per_million_bases, renormalised_count
C>T/G>A, 0.006674, 0.6674%, 6673.82, 0.5103
C>G/G>C, 0.000604, 0.0604%, 604.33, 0.0462
C>A/G>T, 0.002063, 0.2063%, 2062.89, 0.1577
T>A/A>T, 0.000735, 0.0735%, 735.31, 0.0562
T>C/A>G, 0.002260, 0.2260%, 2260.21, 0.1728
T>G/A>C, 0.000742, 0.0742%, 741.92, 0.0567
